name,telephone number,price,location,type of car,description,link of ad
,,,,,,https://www.dubizzle.com.eg/ad/%D8%A8%D8%A7%D9%84%D8%B6%D9%85%D8%A7%D9%86-%D8%AA%D9%82%D8%B3%D9%8A%D8%B7-%D9%85%D8%A8%D8%A7%D8%B4%D8%B1%D8%A8%D8%AF%D9%88%D9%86-%D9%81%D9%88%D8%A7%D8%A6%D8%AF-%D8%A7%D9%84%D8%A5%D8%B3%D8%AA%D9%84%D8%A7%D9%85-%D9%81%D9%89-%D9%86%D9%88%D9%81%D9%85%D8%A8%D8%B1-ID205002841.html
,,,,,,https://www.dubizzle.com.eg/ad/2026-mercedes-glc200-amg-premium-plus-%D8%A7%D8%B3%D8%AA%D9%88%D8%B1%D8%AF%D9%87%D8%A7-%D8%A7%D9%84%D8%A7%D9%86-%D9%85%D8%B9-%D8%A7%D9%84%D8%B4%D8%A7%D8%B0%D9%84%D9%8A-ID205550758.html
,,,,,,https://www.dubizzle.com.eg/ad/byd-song-plus-2025-605-km-smart-drive-ID205386396.html
,,,,,,https://www.dubizzle.com.eg/ad/only-g63-2025-magno-gray-ID205479446.html
,,,,,,https://www.dubizzle.com.eg/ad/mercedes-benz-gls-2021-%D8%AC%D9%8A-%D8%A7%D9%84-%D8%A7%D8%B3-%D9%A5%D9%A8%D9%A0-ID205643623.html
,,,,,,https://www.dubizzle.com.eg/ad/bmw-m4-2024-compet-coup-xdrive-facelift-%D8%A8%D9%8A-%D8%A7%D9%85-%D8%AF%D8%A8%D9%84%D9%8A%D9%88-%D8%A7%D9%85-4-%D9%83%D9%88%D9%85%D8%A8%D8%AA%D9%8A%D8%B4%D9%86-ID205809624.html
,,,,,,https://www.dubizzle.com.eg/ad/bmw-730-model-2021-ID203707128.html
,,,,,,https://www.dubizzle.com.eg/ad/land-rover-velar-black-edition-%D9%84%D9%88%D9%86-%D9%85%D9%85%D9%8A%D8%B2-2024-ID203619560.html
,,,,,,https://www.dubizzle.com.eg/ad/mercedes-benz-e180-2017-ID205861973.html
,,,,,,https://www.dubizzle.com.eg/ad/%D8%AA%D9%88%D9%8A%D9%88%D8%AA%D8%A7-%D9%87%D9%8A%D9%84%D9%88%D9%83%D8%B3-2024-toyota-hilux-2024-ID205608373.html
,,,,,,https://www.dubizzle.com.eg/ad/bmw-520-m-sport-ID205847101.html
,,,,,,https://www.dubizzle.com.eg/ad/%D9%83%D9%8A%D8%A7-%D8%B3%D8%A8%D9%88%D8%B1%D8%AA%D8%A7%D8%AC-2024-ID205908156.html
,,,,,,https://www.dubizzle.com.eg/ad/mercedes-benz-e300-e-2023-ID203757343.html
,,,,,,https://www.dubizzle.com.eg/ad/%D9%85%D8%B1%D8%B3%D9%8A%D8%AF%D8%B3-%D8%A8%D9%86%D8%B2-%D8%B3%D9%8A-180-2025-c180-amg-2025-ID205847242.html
,,,,,,https://www.dubizzle.com.eg/ad/2026-p2-%D9%86%D9%8A%D8%B3%D8%A7%D9%86-%D8%B5%D9%86%D9%8A-ID205790857.html
,,,,,,https://www.dubizzle.com.eg/ad/fiat-500x-2024-at-cross-ID205186781.html
,,,,,,https://www.dubizzle.com.eg/ad/%D9%83%D9%8A%D8%A7-%D8%B3%D8%A8%D9%88%D8%B1%D8%AA%D8%A7%D8%AC-2018-%D8%AE%D9%84%D9%8A%D8%AC%D9%8A-%D8%B3%D8%AA%D8%A7%D9%86%D8%AF%D8%B1-%D8%B4%D8%A8%D8%A9-%D8%AC%D8%AF%D9%8A%D8%AF%D8%A9-ID205721474.html
,,,,,,https://www.dubizzle.com.eg/ad/peugeot-307-ID205849550.html
,,,,,,https://www.dubizzle.com.eg/ad/%D9%85%D8%B1%D8%B3%D9%8A%D8%AF%D8%B3-%D8%A8%D9%86%D8%B2-%D8%A7%D9%8A-300-2024-%D8%A7%D9%84%D9%81-%D9%83%D9%8A%D9%84%D9%88-%D9%81%D9%82%D8%B7-%D8%A3%D8%B9%D9%84%D9%8A-%D9%81%D8%A6%D9%87-ID205682595.html
,,,,,,https://www.dubizzle.com.eg/ad/zeekr-7x-2023-4wd-long-range-luxury-intelligent-suv-ID205832230.html
,,,,,,https://www.dubizzle.com.eg/ad/fiat-500-2021-ID205376583.html
,,,,,,https://www.dubizzle.com.eg/ad/mercedes-benz-e200-2015-classic-ID205696099.html
,,,,,,https://www.dubizzle.com.eg/ad/mercedes-benz-c180-2019-ID205486660.html
,,,,,,https://www.dubizzle.com.eg/ad/porsche-cayenne-gts-2022-ID205887174.html
,,,,,,https://www.dubizzle.com.eg/ad/kia-k4-gt-line-2026-red-ID205816608.html
,,,,,,https://www.dubizzle.com.eg/ad/range-rover-vouge-sv-2025-ID205877136.html
,,,,,,https://www.dubizzle.com.eg/ad/%D8%A3%D9%88%D8%AF%D9%8A-%D9%83%D9%8A%D9%88-3-2023-ID204995225.html
,,,,,,https://www.dubizzle.com.eg/ad/seat-ateca-style-plus-2025-zero-ID205750637.html
,,,,,,https://www.dubizzle.com.eg/ad/%D8%AA%D9%88%D9%8A%D9%88%D8%AA%D8%A7-%D8%A7%D9%88%D8%B1%D8%A8%D8%A7%D9%86-%D9%83%D8%B1%D9%88%D8%B2%D8%B1-2025-toyota-urban-comfort%D8%A7%D8%B3%D8%AA%D9%84%D8%A7%D9%85-%D9%81%D9%88%D8%B1%D9%89-%D8%A8%D9%85%D9%82%D8%AF%D9%85298%D8%A7%D9%84%D9%81-ID205846046.html
,,,,,,https://www.dubizzle.com.eg/ad/mercedes-benz-e200-2021-ID205835439.html
,,,,,,https://www.dubizzle.com.eg/ad/%D8%AA%D9%88%D9%8A%D9%88%D8%AA%D8%A7-%D9%83%D9%88%D8%B1%D9%88%D9%84%D8%A7-2023-%D8%A7%D9%84%D9%81%D8%A6%D9%87-%D8%A7%D9%84%D8%B1%D8%A7%D8%A8%D8%B9%D9%87-toyota-corolla-2023-p4-ID204541658.html
,,,,,,https://www.dubizzle.com.eg/ad/%D8%B1%D9%8A%D9%86%D9%88-%D8%AA%D8%A7%D9%84%D9%8A%D8%A7%D9%86%D8%AA-2025-ID205020595.html
,,,,,,https://www.dubizzle.com.eg/ad/mercedes-benz-glc-200-2020-ID205826607.html
,,,,,,https://www.dubizzle.com.eg/ad/%D9%85%D8%B1%D8%B3%D9%8A%D8%AF%D8%B3-%D8%A8%D9%86%D8%B2-%D8%A7%D9%8A-200-2025-25my-amg-premium-plus-head-up-pano-ID204581987.html
,,,,,,https://www.dubizzle.com.eg/ad/%D9%85%D8%B1%D8%B3%D9%8A%D8%AF%D8%B3-%D8%A8%D9%86%D8%B2-%D8%A5%D9%8A-%D9%83%D9%8A%D9%88-%D8%A5%D8%B3-450-2023-mercedes-benz-eqs-450-2023-ID204006334.html
,,,,,,https://www.dubizzle.com.eg/ad/%D8%A3%D9%88%D8%A8%D9%84-%D8%AC%D8%B1%D8%A7%D9%86%D8%AF-%D9%84%D8%A7%D9%86%D8%AF-2026-opel-grand-land-topline-%D8%A7%D8%B3%D8%AA%D9%84%D8%A7%D9%85-%D9%81%D9%88%D8%B1%D9%89-%D9%85%D9%88%D8%B2%D8%B9-%D9%85%D8%B9%D8%AA%D9%85%D8%AF-ID205631398.html
,,,,,,https://www.dubizzle.com.eg/ad/%D8%AA%D9%88%D9%8A%D9%88%D8%AA%D8%A7-%D9%83%D9%88%D8%B1%D9%88%D9%84%D8%A7-2025-%D8%A7%D9%84%D9%81%D8%A6%D9%87-%D8%A7%D9%84%D8%AB%D8%A7%D9%84%D8%AB%D9%87-%D8%B3%D9%85%D8%A7%D8%B1%D8%AA-toyota-corolla-smart-ID205781175.html
,,,,,,https://www.dubizzle.com.eg/ad/%D9%81%D9%88%D9%84%D9%83%D8%B3%D9%81%D8%A7%D8%BA%D9%86-%D8%A8%D8%A7%D8%B3%D8%A7%D8%AA-2021-ID205837024.html
,,,,,,https://www.dubizzle.com.eg/ad/%D8%A8%D9%8A-%D8%A7%D9%85-%D8%AF%D8%A8%D9%84%D9%8A%D9%88-320-2013-ID205903391.html
,,,,,,https://www.dubizzle.com.eg/ad/mercedes-benz-c300-2020-ID204187886.html
,,,,,,https://www.dubizzle.com.eg/ad/mercedes-glc-300-coupe-2025-ID205876406.html
,,,,,,https://www.dubizzle.com.eg/ad/%D9%85%D8%B1%D8%B3%D9%8A%D8%AF%D8%B3-%D8%A8%D9%86%D8%B2-%D8%A5%D9%8A-%D9%83%D9%8A%D9%88-%D8%A8%D9%8A-260-2025-mercedes-benz-eqb-260-ID205896959.html
,,,,,,https://www.dubizzle.com.eg/ad/mitsubishi-pajero-gls-2022-ID205896764.html
,,,,,,https://www.dubizzle.com.eg/ad/%D8%A7%D9%88%D8%A8%D9%84-%D9%81%D9%8A%D9%83%D8%AA%D8%B1%D8%A7-%D8%A8%D9%8A-%D8%AD%D8%A7%D9%84%D9%87-%D9%86%D8%A7%D8%AF%D8%B1%D9%87-ID205779770.html
,,,,,,https://www.dubizzle.com.eg/ad/%D8%AC%D9%8A%D8%A8-%D8%AC%D8%B1%D8%A7%D9%86%D8%AF-%D8%B4%D9%8A%D8%B1%D9%88%D9%83%D9%89-2015-jeep-grand-cherokee-ID205623148.html
,,,,,,https://www.dubizzle.com.eg/ad/%D9%83%D9%8A%D8%A7-%D8%B3%D8%A8%D9%88%D8%B1%D8%AA%D8%A7%D8%AC-ID205866941.html
